2,4,6,4,96,1.0,1,1,0.10903354502546249,0.5853565177612666,0.6036490814142863,0.5925326787368064,0.5039767678992866,0.5709142568404343,0.5546334664099664,0.4867879148149116,3.777331590652466
2,2,3,8,96,0.2,1,1,0.08142986153452418,0.6108909982828786,0.5872074244141569,0.5406102479610718,0.5372543055350295,0.6472918626533181,0.5680606074280293,0.5620178814311609,5.276091814041138
2,4,8,8,96,0.1,1,1,0.0781629362458141,0.5956968297367105,0.6127376551121657,0.5271391505663878,0.1807256815929785,0.6093535188074757,0.5114564206648053,0.17995459880568457,3.126192569732666
2,4,6,4,96,1.0,1,1,0.10904184430943628,0.5859384955663501,0.6050474643833209,0.5553003669296638,0.5238310295917032,0.5716968178659712,0.5376576390449611,0.515316819763343,14.58884334564209
2,4,6,4,96,1.0,1,2,0.1066366049110325,0.6343622994346596,0.6529836755049453,0.5998185196393222,0.41429288722930685,0.6113425333199617,0.5816171163933416,0.41083300856604127,10.132898092269897
2,4,6,4,96,1.0,2,1,0.1109480774333588,0.5876546404614794,0.5900246819332928,0.5457073895101097,0.5214461438363013,0.562143677234855,0.5450385631062162,0.5158581948541581,13.908483982086182
2,4,6,4,96,1.0,2,2,0.10689870002352635,0.6252527564492005,0.6235027911269109,0.6069927479192103,0.493478848390033,0.596521695928571,0.5788443355515637,0.47114665502555203,13.951831579208374
2,2,3,8,96,0.2,1,1,0.0815092270144812,0.612746542356429,0.5872659151684239,0.5472485542539929,0.42883655389992476,0.6503636444219764,0.5762684672346876,0.4508333729317722,21.600820302963257
2,2,3,8,96,0.2,1,2,0.07965719255706975,0.6419870251827112,0.6413005196603997,0.6031134971382072,0.42853401223550547,0.6725418445702822,0.6253642655998883,0.4468091800178723,12.064755916595459
2,2,3,8,96,0.2,2,1,0.07937888701196999,0.602207929191346,0.6712511211555217,0.6196599590631683,0.4980426526347006,0.634508742407312,0.5842714833604449,0.4820896681126744,3.87937331199646
2,2,3,8,96,0.2,2,2,0.07771960213812175,0.6453824089595017,0.7055574429020097,0.659039076990725,0.4480987374138394,0.6751612389215489,0.6361168358921668,0.43768326967111093,5.30077338218689
2,2,3,8,96,0.2,3,1,0.08084852024330758,0.5829985966438693,0.6295795560945573,0.5898176412394368,0.5040089701986726,0.6454158718504028,0.6124179252034206,0.5038585045356327,3.7693309783935547
2,2,3,8,96,0.2,3,2,0.07861843876889907,0.6538313009747589,0.685012914881071,0.6483048038619996,0.5068534927631295,0.690139619932829,0.6538385515488491,0.500775190867904,3.7929205894470215
2,2,3,8,96,0.2,4,1,0.08050228072182275,0.5965569292810927,0.5900890042786646,0.5581541570787442,0.5594152796206554,0.6346018739704425,0.5695198295244118,0.5704333682201609,4.041993856430054
2,2,3,8,96,0.2,4,2,0.079371223340683,0.6319640112978683,0.6346534442599012,0.5731345616391846,0.5136520181794402,0.6794845221819997,0.6075756819740455,0.5258301448004822,3.6197898387908936
2,2,3,8,96,0.2,5,1,0.0794110219738413,0.6131466259726983,0.6890178470841559,0.598894730777506,0.5229953132626323,0.6484743857059141,0.5567396902798276,0.5039020800806004,14.307319402694702
2,2,3,8,96,0.2,5,2,0.07590680966608197,0.6886643031938382,0.7150916782049016,0.6298115982873881,0.38006523106204027,0.7111866130008148,0.6323550388844821,0.37949705039772635,3.6458957195281982
2,2,3,8,96,0.2,6,1,0.08127640352819593,0.5886619551661365,0.5861284971896306,0.5640983608144864,0.5150341794844383,0.6355350086471702,0.575721369770906,0.5193496871367315,19.356119632720947
2,2,3,8,96,0.2,6,2,0.07908342423560305,0.6289480295914726,0.6166638825117875,0.5913996820704066,0.46701674039043606,0.6572679577727619,0.6108014246968065,0.47443485684445885,20.24767279624939
2,2,3,8,96,0.2,7,1,0.08116634142560418,0.5897345025307703,0.6192283914744408,0.5839631071388574,0.35859998082923805,0.6441659803559359,0.5989366976684384,0.358570581740554,19.83234214782715
2,2,3,8,96,0.2,7,2,0.07807276224058791,0.6562201532902442,0.6596969180599426,0.6086031722479319,0.46003706416797224,0.6991586770471453,0.6407160212644663,0.47297301658027613,17.99726891517639
2,2,3,8,96,0.2,8,1,0.08040358298913466,0.5971703307730499,0.6203474685086278,0.5840616995505515,0.44437481246781235,0.5728130338272046,0.5451352968948036,0.44150214427805323,19.639763832092285
2,2,3,8,96,0.2,8,2,0.07879824312656274,0.6389461909154268,0.6316776217218272,0.587697738096641,0.428437400514414,0.5976723371311701,0.5625897897074893,0.4299290147578627,20.11817455291748
2,2,3,8,96,0.2,9,1,0.08019406718612988,0.5921617899523687,0.6670311065263123,0.596471536312364,0.5342003011019626,0.6022953315054745,0.543161673298438,0.5081902616016142,17.876445055007935
2,2,3,8,96,0.2,9,2,0.0782749117641706,0.6370798348256974,0.6821299173726256,0.6523386393563816,0.4706456680993781,0.6286039167580096,0.5983809090894862,0.45198117644682345,3.2035276889801025
2,2,3,8,96,0.2,10,1,0.0816118352780101,0.5968705607639122,0.6355320538971686,0.6214207938597246,0.5051475263669838,0.6086058338314221,0.564921685352389,0.4904618702259868,3.549345016479492
2,2,3,8,96,0.2,10,2,0.08028968492686803,0.6376441598323892,0.6450312396352393,0.6305706164512914,0.47452676941548433,0.6343769372413877,0.6028566281409274,0.47446560672396115,6.6717448234558105
2,4,8,8,96,0.1,1,1,0.07823387271208113,0.5953915486810951,0.6141647244134136,0.5758226534238495,0.33225502476314056,0.6101546329323364,0.5726611051669485,0.336215397359491,3.0309524536132812
2,4,8,8,96,0.1,1,2,0.07708778392101209,0.624426723092983,0.6329522462476229,0.5243944860196609,0.13535738243681114,0.6219176165178536,0.5163692309764386,0.13925080625393496,2.6535263061523438
2,4,8,8,96,0.1,2,1,0.07716918546703429,0.5935488654579831,0.5872077392655993,0.5102617134004493,0.20342197696598135,0.6491611605108959,0.5389614571896492,0.204460062573425,7.960001468658447
2,4,8,8,96,0.1,2,2,0.07631265735906562,0.6347657860769286,0.6074628881447752,0.5663067446365648,0.4814121754071809,0.6600583485067135,0.6092190704931109,0.49479360369384745,13.635259628295898
2,4,8,8,96,0.1,3,1,0.07786596733025124,0.5600475011384476,0.6440074546548088,0.6256285250289205,0.4538370833482234,0.6121804567527179,0.5988895257466172,0.447790678522573,9.647594451904297
2,4,8,8,96,0.1,3,2,0.07587049116904063,0.6221798677063177,0.6332293128705849,0.5853585266911542,0.37131866379794715,0.6315153234392724,0.6056867773640237,0.37559599242617553,2.7123374938964844
2,4,8,8,96,0.1,4,1,0.0760475101728337,0.6019126754183083,0.5911438226707865,0.5145491649732898,0.15093843956601088,0.5635699239482668,0.49486630977468093,0.13616901814658708,14.013347864151001
2,4,8,8,96,0.1,4,2,0.07513858779185487,0.6275944667664952,0.6098150649919778,0.5711595125080756,0.37622668978178814,0.5930230924348768,0.5752991384468482,0.3645999736868091,12.252121448516846
2,4,8,8,96,0.1,5,1,0.07879278933008511,0.5926580902517388,0.650011115439623,0.5884200902347875,0.3661382978690651,0.6244726649941433,0.5775568448531628,0.37012349518891263,13.769377946853638
2,4,8,8,96,0.1,5,2,0.07742522742556429,0.6204221109535601,0.685246695045785,0.5100358582088678,0.5110434825520667,0.6553668335307979,0.5300935497078726,0.5383860557950675,13.73468542098999
2,4,8,8,96,0.1,6,1,0.07740638606335926,0.5983522058133867,0.5944586493949882,0.550986348480836,0.44721007990430106,0.6535244088888437,0.6006712079458267,0.4649521548923874,13.591963052749634
2,4,8,8,96,0.1,6,2,0.07521816724161992,0.6579072990981104,0.6646027327144443,0.6231203300968488,0.5172909132645883,0.7109912550439464,0.6550550629038848,0.522183073660004,7.021099805831909
2,4,8,8,96,0.1,7,1,0.07826409801498227,0.593951152240632,0.6205356517945436,0.5634595030393549,0.5044724083787524,0.632886689756209,0.5635173349855206,0.5087916961969963,13.97641921043396
2,4,8,8,96,0.1,7,2,0.07759260694528448,0.616916563150517,0.6291231546961412,0.5754734439667485,0.4948897382846629,0.6375593612871541,0.5665990073161082,0.4991615260164365,14.01482343673706
2,4,8,8,96,0.1,8,1,0.07741536855357906,0.5768861603888968,0.6063122836506052,0.492387772419341,0.10458601646209367,0.6381335026702069,0.5107495904506247,0.1034596436944196,13.682400226593018
2,4,8,8,96,0.1,8,2,0.07597106581353358,0.6299709666367717,0.6231718701887132,0.5957049830471564,0.403019189736988,0.6583935943055901,0.6108062198743659,0.4117496122913361,2.30039644241333
2,4,8,8,96,0.1,9,1,0.07711035875556242,0.6085405968777846,0.5641770303983636,0.4916037483354741,0.11697806920831237,0.6113323227097405,0.5147863358535458,0.12536544209751074,2.218024730682373
2,4,8,8,96,0.1,9,2,0.0775472480867594,0.6199073103662367,0.5969553840893087,0.5426610207841459,0.4647314322617292,0.618202106322604,0.5611489647931661,0.4809820894739395,2.5703847408294678
2,4,8,8,96,0.1,10,1,0.07676135101739727,0.5811401921146021,0.6397335303588979,0.5648618660087393,0.5341720901927318,0.6505759611915607,0.5572018820272837,0.5277923927117114,2.497321605682373
2,4,8,8,96,0.1,10,2,0.07524824223776456,0.6255229690546057,0.6504618353315258,0.623390133461305,0.46757389102321634,0.6661979879067857,0.6286591635366672,0.4675504913496292,2.77937912940979
2,4,4,6,96,0.8,1,1,0.10357552328205952,0.6017870851121042,0.6121578304881244,0.5703272749593054,0.5168565333295526,0.6263649044276656,0.5700675578889239,0.5132318297099955,7.041945219039917
2,4,4,6,96,0.8,1,2,0.10078616698530073,0.6567098316709618,0.6710079136161539,0.6417410715896528,0.5473088721645661,0.6819368268992436,0.6338450785731821,0.5391198983262041,3.550611734390259
2,4,4,6,96,0.8,2,1,0.10530886881215602,0.5693773121024466,0.5930084804452191,0.5745111131503773,0.4668064054887407,0.5842959972703698,0.5790112289167482,0.46809400356641445,9.071669816970825
2,4,4,6,96,0.8,2,2,0.10386484387862197,0.6141590514590844,0.6239996499648396,0.5678057124977967,0.5395268188504764,0.6134439706627823,0.5599939934490404,0.539482685048329,3.839423418045044
2,4,4,6,96,0.8,3,1,0.10322364840446364,0.6084427405352872,0.6480005045975422,0.5341678402891886,0.5249184919109878,0.646236313527749,0.5358584190257079,0.5228888484103924,13.645050764083862
2,4,4,6,96,0.8,3,2,0.10064742614953563,0.6567429233026066,0.6804311953491284,0.6263520403282911,0.5241101976389347,0.6782961111959094,0.6403795144249017,0.5303680597877611,17.59847331047058
2,4,4,6,96,0.8,4,1,0.10431924045225624,0.5982150710724436,0.6507302195507721,0.6063631381810389,0.5013964669411488,0.6017773344941644,0.5582303955722101,0.4820612938739957,19.553213596343994
2,4,4,6,96,0.8,4,2,0.10120087852044886,0.6558136824509426,0.6345321422262424,0.5901088173806744,0.49756355898310145,0.6463142125934405,0.6003834590263116,0.5024723635231209,17.545852422714233
2,4,4,6,96,0.8,5,1,0.10370018208353325,0.5720193831707435,0.5828684986030899,0.5037568141943576,0.49656631331110695,0.5930195822664357,0.5080156834122143,0.5037867569516133,19.87619662284851
2,4,4,6,96,0.8,5,2,0.10278177616174035,0.6030451472057564,0.6001228658199729,0.5292124391501901,0.5310380343554325,0.620582450684649,0.537197984250264,0.53308857224197,19.73525595664978
2,4,4,6,96,0.8,6,1,0.10553495946869898,0.578654577027176,0.6134263503760354,0.5928176094211106,0.5122804383741957,0.6056682569193745,0.564661976043342,0.4913839993444652,3.873060703277588
2,4,4,6,96,0.8,6,2,0.10286948580063875,0.6063932151280709,0.6516334641756659,0.5551608169039599,0.5508206376098692,0.6427100330570077,0.543529466633264,0.5343149527692848,3.9282078742980957
2,4,4,6,96,0.8,7,1,0.10613103331489955,0.578936410980099,0.6198821549014757,0.5309592145386826,0.20595123484349773,0.586868857060319,0.5198979966122111,0.22486254634339237,16.816492319107056
2,4,4,6,96,0.8,7,2,0.10405932971055404,0.6228924745380047,0.6671718093352776,0.6400742616786839,0.5250880882060668,0.6315870097296,0.5735355729124963,0.5055837342488095,3.130427837371826
2,4,4,6,96,0.8,8,1,0.10386431743261175,0.5860669147187016,0.6278645900665203,0.6057713907696183,0.43244392756665007,0.5885612209283059,0.5664361753944007,0.41949709016232284,13.870808124542236
2,4,4,6,96,0.8,8,2,0.1014541462630523,0.6390539763476211,0.6673063722317385,0.6131561475324442,0.435911292697691,0.6322807912065859,0.5943336406339168,0.4340142576958752,16.04534339904785
2,4,4,6,96,0.8,9,1,0.10391394133592274,0.5927991060216204,0.6352221505781238,0.5222213214192655,0.5215633456103594,0.6106237551780086,0.5381472529628253,0.5389535913282179,16.216551542282104
2,4,4,6,96,0.8,9,2,0.10244026660004088,0.6237971549649574,0.6388383974026195,0.595166084382772,0.3894857032705426,0.6210376058448622,0.5797006416864776,0.38632393869357345,17.453646421432495
2,4,4,6,96,0.8,10,1,0.10552382368761305,0.5694339396104062,0.6094652575349512,0.5446620792264232,0.5218695386615668,0.5981579572378838,0.5416487799967138,0.5228326538822696,19.657222986221313
2,4,4,6,96,0.8,10,2,0.10304662035295574,0.6278531421155134,0.667835166994581,0.6286500902123554,0.4926807910576545,0.6526978505215606,0.608461482721418,0.49309261689978806,4.589971542358398
2,2,3,8,96,0.2,1,1,0.0814800060620549,0.6107584626835226,0.5713195561761338,0.5353780716143481,0.4916599764774573,0.6354325227230017,0.5813899823831247,0.5244194441312308,5.5386269092559814
2,2,3,8,96,0.2,1,2,0.07929434193604028,0.6475974529518845,0.6515864914127661,0.6086653223167124,0.4715737021833641,0.7015619282390916,0.6487775856036271,0.49925795183416866,6.387541055679321
2,2,3,3,32,0.2,1,1,0.04999971106075324,0.5577127271343513,0.6082770143850276,0.5598800660138973,0.3745393204270631,0.6170502545985217,0.5657455802597191,0.37232333228388226,22.299487113952637
2,2,3,3,32,0.2,1,2,0.04895453894367585,0.6018466245364245,0.6419784722098633,0.5814310927663198,0.5707465788490648,0.6490790077383799,0.543898039514966,0.5413559170198894,11.930034160614014
2,2,3,3,32,0.2,2,1,0.0491442824785526,0.5566599835361155,0.6239899787962552,0.5880742204743757,0.3941075253825936,0.583555460395388,0.5662988009827099,0.3808558728026422,20.988712310791016
2,2,3,3,32,0.2,2,2,0.04870078848459973,0.6044347991588246,0.6375220271335053,0.5753714562460585,0.3874049408429337,0.6010194715479062,0.5739694137920981,0.3778038172636211,20.660651922225952
2,2,3,3,32,0.2,1,1,0.024402822328957994,0.5769813784843733,0.566103299796579,0.5449841880400431,0.5417978148696995,0.5681759087118176,0.5457946224266261,0.5429230803560611,5.203998565673828
2,2,3,3,32,0.2,1,2,0.02424546647805466,0.598392110314739,0.569264302535221,0.5550226065981795,0.5495158790906421,0.5719651466810298,0.5473289943720956,0.544263797878398,3.6857364177703857
2,2,3,3,32,0.2,1,3,0.024072413353757895,0.5980868507113886,0.5667748165735332,0.5404495182870632,0.5297420950111724,0.5737184120273061,0.5528489647203617,0.5429102190342517,3.609250545501709
2,2,3,3,32,0.2,1,4,0.02400675599419475,0.6058179635321346,0.5805047348954502,0.5403752318270798,0.5322668627070059,0.5827266828418523,0.5492531626207042,0.5448183718459704,3.866023540496826
2,2,3,3,32,0.2,1,5,0.02399712702358172,0.6066421921281943,0.5804652376003578,0.5445125141663876,0.5376569520876388,0.5833371426335971,0.5529399451643711,0.5496518992750682,3.4312431812286377
2,2,3,3,32,0.2,1,6,0.023752948559039196,0.6172834686903574,0.5953549146344254,0.5428185857902862,0.5356779621324409,0.5953901678109351,0.5612992319225246,0.5583332212889311,3.7554099559783936
2,2,3,3,32,0.2,1,7,0.023769983831189632,0.6223646469042414,0.6071656166014033,0.5723363023951322,0.5618678647553347,0.598628481508418,0.557896668297325,0.5538003373437975,3.784634590148926
2,2,3,3,32,0.2,1,8,0.02347182556034588,0.6342371503804501,0.6220713336715483,0.5747139488521165,0.5618338228762765,0.6075095726448511,0.556750972170715,0.552553978231537,4.2884838581085205
2,2,3,3,32,0.2,1,9,0.0235357776394747,0.6292439747549123,0.633401657576553,0.5825791168400334,0.564208176001843,0.6108166289015661,0.569382764899955,0.5633584582931204,4.394399166107178
2,2,3,3,32,0.2,1,10,0.023253299801235264,0.6353496370082272,0.6505202135702115,0.6057959727283887,0.5966795234220527,0.6134116424514544,0.5766848730728708,0.5726427008677515,4.351105690002441
2,2,3,3,32,0.2,1,11,0.023206145387550323,0.642029419875857,0.654619735423063,0.6056925330191312,0.5856782979915878,0.6276823061170081,0.5951393098163914,0.5862351442133162,4.385241985321045
2,2,3,3,32,0.2,1,12,0.023126744757669293,0.6530625931835037,0.6627273704920345,0.6146285954441031,0.6046379447580119,0.6179910741632931,0.5765898900172369,0.5731589607162327,4.497312784194946
2,2,3,3,32,0.2,1,13,0.02293393885046216,0.6564107403742002,0.6737745153388559,0.6282593981733802,0.6120481270678515,0.6303078766568357,0.5813731727059359,0.5728004261261013,4.40283465385437
2,2,3,3,32,0.2,1,14,0.022862001003717842,0.6587090371284601,0.67441263408112,0.6344357714032693,0.6166596511742314,0.6309304784087082,0.5855388394210894,0.5767783337167102,4.411393642425537
2,2,3,3,32,0.2,1,15,0.02288429993880546,0.661229825771471,0.6759858041291998,0.6343365208222774,0.6212257288342955,0.6294412373162901,0.5873753825370225,0.5820334940191145,4.322223424911499
2,2,3,3,32,0.2,1,16,0.022680648109363502,0.6709587219632621,0.667547576230201,0.6365451250249571,0.619243838580105,0.6352296522901689,0.5878274690762538,0.5810403306348588,3.821781873703003
2,2,3,3,32,0.2,1,17,0.022547870039273523,0.6690339326925396,0.6791890082014495,0.6555216141387546,0.6363905045267939,0.6427210805047331,0.625757193541345,0.6109547936191315,3.88537335395813
2,2,3,3,32,0.2,1,18,0.022411656324355603,0.6745547943815012,0.6790970028091519,0.6595057525121402,0.6409914947754334,0.6469848018683458,0.6189379878777385,0.6049165909096158,3.8728766441345215
2,2,3,3,32,0.2,1,19,0.022302945066274123,0.6829259643154515,0.6830884661321477,0.6604543411652809,0.6400068157141725,0.646448013206575,0.6368219735952662,0.6197563287572266,3.8777573108673096
2,2,3,3,32,0.2,1,20,0.02242488190863716,0.6758980097569987,0.689025971685522,0.6566236655630355,0.6417562579809645,0.650261261569627,0.5984187239284228,0.5917581141782114,3.708395481109619
2,2,3,3,32,0.2,1,1,0.024395130803514506,0.5772549524002993,0.5677054113698844,0.5486159946699743,0.5218838999595043,0.5690634612488799,0.5509575633718199,0.5214900620700991,5.565249681472778
2,2,3,3,32,0.2,1,2,0.02424321441418327,0.5955888088611886,0.5700275094170815,0.5380051245651741,0.5341991580658283,0.5746920873099597,0.5498230330507307,0.5464449555682065,4.48711633682251
2,2,3,3,32,0.2,1,3,0.024048539207215378,0.5995309413244645,0.585254881180566,0.5438007870829358,0.5391154564327383,0.5834617129345441,0.5496688922835115,0.5467804797723117,4.44079852104187
2,2,3,3,32,0.2,1,1,0.024401889175694278,0.5767183286364873,0.563829181807493,0.5357037973129016,0.511312026728526,0.566314208317776,0.531585995814959,0.5122553633494987,6.535376310348511
2,2,3,3,32,0.2,1,2,0.024324701844957285,0.5989100422547717,0.567720516946038,0.5391358781982337,0.5351346830751819,0.5704818064749082,0.5418217331653473,0.5379242978202811,4.077983379364014
2,2,3,3,32,0.2,1,3,0.024585451931655906,0.6010839441082206,0.5728085388473904,0.5484654737330606,0.5406926193749522,0.5737416528770156,0.5471783818074085,0.543360091597495,4.039356231689453
2,2,3,3,32,0.2,1,4,0.023945167453570396,0.6021324571822446,0.5898794332254712,0.552340213044564,0.5450295003411765,0.5839299686915197,0.5559630273527891,0.5526521448679798,3.903524398803711
2,2,3,3,32,0.2,1,5,0.023936879625831953,0.6158661148295865,0.5951780792808448,0.5468996964961085,0.541887177529794,0.5895487952308168,0.5513234864700942,0.5482450758776735,3.7671518325805664
2,2,3,3,32,0.2,1,6,0.02388338417764242,0.6188413750749818,0.6080679296501796,0.5573572180577948,0.5380834832412065,0.5930129247726512,0.5527045054200872,0.5387646573385603,3.4079699516296387
2,2,3,3,32,0.2,1,7,0.02378295022675117,0.6112443039377422,0.6094059938076546,0.5593071538436787,0.5412511195914473,0.597354429581927,0.5565278007009864,0.5444706342992212,3.9880776405334473
2,2,3,3,32,0.2,1,8,0.023649308968959303,0.6232940439254308,0.6390901683467919,0.5833089905223945,0.5558789735396501,0.608842624903539,0.5719343750408404,0.5543003119664075,4.145814895629883
2,2,3,3,32,0.2,1,9,0.023504566553419613,0.6352950192856218,0.6514625468293235,0.5920572283838104,0.5605247343944192,0.6126145956363258,0.5760461157626634,0.5606445553608123,3.9888980388641357
2,2,3,3,32,0.2,1,10,0.023247107424092632,0.6430278342535702,0.6550109253838342,0.6216568136953896,0.6163572467098285,0.6147345645396465,0.5639950948612624,0.560548565808659,4.022256374359131
2,2,3,3,32,0.2,1,11,0.023013687417626383,0.6613842743048421,0.668719384012483,0.6419825105851245,0.6325601745510133,0.6218916259345709,0.5832033087699066,0.5790152798369586,4.1155946254730225
2,2,3,3,32,0.2,1,12,0.023060215796271696,0.6632138226564154,0.6671511585314633,0.6482412953075499,0.6356598933449548,0.6327626120371943,0.60207066204383,0.5977333064248033,4.087448358535767
2,2,3,3,32,0.2,1,13,0.02285201026357293,0.6652128243501917,0.6802949498743242,0.6536197888070341,0.647739342465348,0.6270930696479554,0.5885750359450226,0.5858499251758447,4.015017509460449
2,2,3,3,32,0.2,1,14,0.022948962731439506,0.667634799235525,0.6776047812327352,0.6565231233547684,0.643985922446167,0.6344763454550646,0.6103172650467932,0.6056388438056401,3.879443645477295
2,2,3,3,32,0.2,1,15,0.022736822139978595,0.6673281564832919,0.6842578755916198,0.652606003411735,0.640374214811049,0.6482101721219616,0.6067058735637411,0.6047712670504305,3.2454850673675537
2,2,3,3,32,0.2,1,16,0.022700374795660627,0.67051287883983,0.6810327340000031,0.6621028985513395,0.6529674435637867,0.6412373186342031,0.5973192531878323,0.5968643158905342,3.2966952323913574
2,2,3,3,32,0.2,1,17,0.02443113496760211,0.6420149727274909,0.661361414190382,0.6205116562525398,0.6077787087033,0.6303708050840019,0.5888605890897304,0.5845388158547681,4.114947319030762
2,2,3,3,32,0.2,1,18,0.023094597129915736,0.6495755248725665,0.6788785852802441,0.63134035911999,0.620606653231845,0.6309991574030697,0.6023848540885914,0.5993375238728578,4.022030353546143
2,2,3,3,32,0.2,1,19,0.022778248768398717,0.6648484411509183,0.667821977330679,0.6398286637974201,0.6242202362012862,0.63799250062488,0.6068974102155051,0.598252373244486,3.9542596340179443
2,2,3,3,32,0.2,1,20,0.022739173000230487,0.6673605508817665,0.673939197322267,0.6471922641869412,0.6304466803421538,0.6381920923645437,0.6062369388096213,0.5966491269211621,4.028238296508789
2,2,3,3,32,0.2,2,1,0.024412830668487914,0.5733153731092161,0.5845232486589033,0.5027826086956522,0.3384154296916171,0.5914977826455045,0.5,0.3318869563111592,4.1087846755981445
2,2,3,3,32,0.2,2,2,0.024259136136540824,0.581134939590471,0.5873559130229895,0.568275700490476,0.5314226974313139,0.5946821749380053,0.5606615298755132,0.5201158087989055,4.111159324645996
2,2,3,3,32,0.2,2,3,0.024143600517581184,0.5883155013569675,0.5811177726515816,0.5710439591503619,0.5504842013063233,0.5937637915779196,0.5748834591486449,0.5519235480653574,4.022000551223755
2,2,3,3,32,0.2,2,4,0.024073923412639756,0.5917323704473392,0.5887119103358841,0.562390072406948,0.5478013110222173,0.5934665057450914,0.5643787556419547,0.5485379596021703,3.9242360591888428
2,2,3,3,32,0.2,2,5,0.02384104096062356,0.6009506643318568,0.601054599356775,0.5541458099923212,0.5511575816994885,0.6098662164324936,0.5588909451456224,0.5539495093845732,3.8171138763427734
2,2,3,3,32,0.2,2,6,0.023535282664201174,0.5961765288560715,0.6032834242980433,0.549961783638982,0.5458762304677273,0.6060870228938541,0.5672627670079707,0.561722592242524,4.026070594787598
2,2,3,3,32,0.2,2,7,0.023391951226689377,0.6020952774323055,0.6022985554368443,0.5874564396139161,0.5587272420871844,0.6119877806447839,0.5763875869853772,0.5515567905764464,4.020572662353516
2,2,3,3,32,0.2,2,8,0.023110908287495305,0.6062193643541356,0.6193862395898628,0.5588977227691589,0.5532365510006724,0.6108452101983946,0.5677790762820615,0.5630635005781732,4.003883123397827
2,2,3,3,32,0.2,2,9,0.02296909473437046,0.6206637525564556,0.6177992470169759,0.5767214787410355,0.5621355307148053,0.6117898276693363,0.5670565022902435,0.5553849551558536,3.9503562450408936
2,2,3,3,32,0.2,2,10,0.022849150546299248,0.6130332981060864,0.6227387293377649,0.5821581531994955,0.5613808057389053,0.6164647080178979,0.5652307019852251,0.5516354709139589,3.8572888374328613
2,2,3,3,32,0.2,2,11,0.022897405038934917,0.625427753464444,0.6225699894394195,0.5874002542968177,0.5537742708054645,0.6169986945557582,0.5816231220911193,0.5511391490705584,3.807802438735962
2,2,3,3,32,0.2,2,12,0.022799566365070145,0.6249740068685621,0.618096749124091,0.5926622329387363,0.5570866974177313,0.6171091734408539,0.5837265243309189,0.549473738360621,3.667126417160034
2,2,3,3,32,0.2,2,13,0.022596924138102867,0.6329140448425712,0.6308878170540649,0.598923705657044,0.5627916501572048,0.6215656618918076,0.5856382186577518,0.5515748436376093,3.5083625316619873
2,2,3,3,32,0.2,2,14,0.022661432699802326,0.6355273074138718,0.6359968579672081,0.6089242117229999,0.5681468532730491,0.619934157485355,0.585300453706916,0.5467457096679065,4.289923429489136
2,2,3,3,32,0.2,2,15,0.022512807408190928,0.6444932692576384,0.6345644139289265,0.5943793025754105,0.5592197846268467,0.624691522052618,0.5854857247259142,0.5514074748426584,4.849040269851685
2,2,3,3,32,0.2,2,16,0.02242903879745821,0.6422141284130259,0.6362025408856149,0.5976356982176774,0.5671619400089954,0.623421641611023,0.5854460846046565,0.5580059451933963,4.717569351196289
2,2,3,3,32,0.2,2,17,0.022630464359066294,0.6419122856764191,0.6363236734237041,0.5955647330915574,0.5652600342245172,0.6289117899349754,0.5873288117909864,0.5595493192994012,4.69602108001709
2,2,3,3,32,0.2,2,18,0.02242334859231044,0.6452826802786753,0.6371280154380176,0.5982813365286436,0.5711661281843455,0.6287481320986255,0.5880281011378611,0.5635123726115229,4.679907560348511
2,2,3,3,32,0.2,2,19,0.02240037127608452,0.6445063986315231,0.6370811450270589,0.5993383821851662,0.5727623921885259,0.6324435825630504,0.5924920094822141,0.5707437155708068,4.677865505218506
2,2,3,3,32,0.2,2,20,0.02237147602466042,0.6445504449711037,0.6409467371081022,0.5978703622559827,0.5780306741576883,0.6393927739431615,0.5821082006900976,0.5661232071960396,4.433117866516113
2,2,3,3,32,0.2,3,1,0.024619400582756544,0.5748024413577146,0.5952380057272932,0.58919411074554,0.5672645492173503,0.6361423873094543,0.6003155754895034,0.5795443906586946,3.4211783409118652
2,2,3,3,32,0.2,3,2,0.024220091211975197,0.5960965847895316,0.6017428841064778,0.5769523612900279,0.5628392745204036,0.6425992379227371,0.6151255993602478,0.6012252415737468,3.990852117538452
2,2,3,3,32,0.2,3,3,0.024079210089698582,0.6057410086948799,0.6209633049201293,0.5725403779188154,0.5563665653959726,0.663337755380294,0.6137347520784914,0.5961926331788594,4.176569938659668
2,2,3,3,32,0.2,3,4,0.023815298430559403,0.6215204507671808,0.6393335573163812,0.5765819670334306,0.5546534489684742,0.6797543484898546,0.6295491598434995,0.6138037133444322,4.199336767196655
2,2,3,3,32,0.2,3,5,0.02385769176261778,0.6268465938092529,0.6417113663552398,0.5756118589096948,0.5666334370828138,0.6792321267024526,0.6133600487480418,0.609326763616225,4.721943616867065
2,2,3,3,32,0.2,3,6,0.02359446318966083,0.6331638789140288,0.6556198315817907,0.5906085880492938,0.575429803944577,0.6874032306526304,0.6211558155558156,0.610654287280408,4.6001176834106445
2,2,3,3,32,0.2,3,7,0.023450859534902346,0.6444032135273321,0.670316543236466,0.6108823265932597,0.5916101102490421,0.6896446069825143,0.6305446655004115,0.6160842223654666,4.680133581161499
2,2,3,3,32,0.2,3,8,0.023431989930564362,0.6439292126475794,0.6634201488476923,0.6033149742439732,0.5842537452616435,0.695015323982734,0.6440035734649799,0.6308762599405512,4.5458385944366455
2,2,3,3,32,0.2,3,9,0.02352395753399718,0.6383304952227113,0.6873355431551746,0.6287135098239981,0.612588368814295,0.6982679996429568,0.6294958083788272,0.61599943765085,4.0456836223602295
2,2,3,3,32,0.2,3,10,0.023254283152832962,0.6503381867057046,0.6941793144936936,0.6466591315407964,0.6342774685619019,0.7039132427029512,0.6549003876345215,0.6444262285552506,4.774356365203857
2,2,3,3,32,0.2,3,11,0.023051695887092504,0.6618462320317694,0.6954216691478982,0.63479943644105,0.6206805240052959,0.7107552810702039,0.6485783311635798,0.6387505724617177,4.710952520370483
2,2,3,3,32,0.2,3,12,0.022972050927110847,0.6675491611913588,0.6917702499664204,0.6327430012637845,0.6205609844625469,0.7087578511660846,0.6538450453126268,0.6444363048672757,4.507666110992432
2,2,3,3,32,0.2,3,13,0.022859271401146082,0.6699092153600235,0.709860611650917,0.6464765062217919,0.6310772720607527,0.7195671010120409,0.6490336376785776,0.6350334126944707,4.050315618515015
2,2,3,3,32,0.2,3,14,0.022747142361619403,0.6790115326519846,0.7130443693580978,0.6582704296907772,0.6459456046807109,0.7206195346490373,0.6587676450057239,0.6483035714261928,3.945011615753174
2,2,3,3,32,0.2,3,15,0.022578755059104588,0.6865563187917071,0.7182798681795228,0.6516760703268506,0.6346334556155346,0.7269915835061633,0.6581722253228256,0.6424767038760255,3.7636337280273438
2,2,3,3,32,0.2,3,16,0.022707460750461043,0.6812982667393205,0.7147154005741215,0.6528380136981993,0.6370371513543928,0.7297939721994611,0.6587096729216797,0.6412658140984183,3.481123924255371
2,2,3,3,32,0.2,3,17,0.02272009034614374,0.6858447978569643,0.7254582141772293,0.6622253936596991,0.6509827929002425,0.7292012231785817,0.6720677301836822,0.6604090747637842,4.02841591835022
2,2,3,3,32,0.2,3,18,0.022424996396780503,0.6913508317019487,0.7209948215822848,0.6604424409154199,0.6487315566955629,0.7312277802651731,0.6770116824003617,0.6648487922519734,4.069056510925293
2,2,3,3,32,0.2,3,19,0.022185289142962222,0.7044447487384253,0.7313436178183689,0.6681760024615617,0.6579841561892203,0.7325086473655942,0.6629858813927424,0.6518045973535962,4.158285617828369
2,2,3,3,32,0.2,3,20,0.02221541686144114,0.7075685025766387,0.7294575253178738,0.6710190431435075,0.6587325688228748,0.7397284729250425,0.6704965512704792,0.6576343386914657,3.9991018772125244
2,2,3,3,32,0.2,4,1,0.026182147731993687,0.5496903292057771,0.5985448570922339,0.5355270847537009,0.45541308410456094,0.6263193093760377,0.5484235395172505,0.46906511692062963,3.982603073120117
2,2,3,3,32,0.2,4,2,0.024073488103501222,0.5898759932279749,0.5999938398599961,0.529461561799047,0.44369100276330714,0.6316599628563474,0.5518013781569858,0.46794767230382517,3.3914506435394287
2,2,3,3,32,0.2,4,3,0.02401698378394545,0.5836446064327221,0.6027309089490289,0.5839060050265384,0.5617032137446484,0.6318074804535359,0.5964638335041167,0.5789478841859415,3.93023419380188
2,2,3,3,32,0.2,4,4,0.02393937666139851,0.5880418309125621,0.6048834401137302,0.5853675329400678,0.5647352930096765,0.6333847097265547,0.6024689462656224,0.5869924481874979,4.167067050933838
2,2,3,3,32,0.2,4,5,0.023887153865216903,0.5885114264324266,0.6094867375177722,0.5787246143963862,0.5751344512608059,0.6450306817002999,0.5993468932726416,0.5978702182037714,3.5503196716308594
2,2,3,3,32,0.2,4,6,0.023820534711103302,0.5949784086462047,0.6061179310960703,0.5786208186645045,0.5707449467275535,0.6551106197990335,0.6120661001991323,0.6080635149937567,3.315373420715332
2,2,3,3,32,0.2,4,7,0.023864558227176882,0.594362453167194,0.6015159547415196,0.5776010170458103,0.566869322190512,0.6357224837778039,0.5994369983709666,0.5922097074911421,3.5996224880218506
2,2,3,3,32,0.2,4,8,0.024030128213902793,0.5939697217034908,0.6094341045929577,0.5800332804825299,0.5749555678397023,0.6430832211435502,0.5969789866495845,0.5957444128301492,4.182122468948364
2,2,3,3,32,0.2,4,9,0.02377175202336837,0.5900339604684134,0.6158891942236683,0.5822133781698772,0.5789347538244567,0.6473067970696065,0.5983629542144756,0.5971803148942376,4.218242883682251
2,2,3,3,32,0.2,4,10,0.02368079440389792,0.5974895950894885,0.6201904949950326,0.585078179755683,0.5800175907226267,0.6510258963779155,0.5998662135388655,0.5986070707091062,3.643946886062622
2,2,3,3,32,0.2,4,11,0.02364626109383557,0.6100785064985597,0.6262482769607851,0.5825266028301617,0.5768488473276058,0.6596406585911613,0.6144682745092173,0.6127005459628464,3.5834131240844727
2,2,3,3,32,0.2,4,12,0.023627988763491065,0.6094695750613631,0.6276628594429912,0.5818246959604426,0.566535281636897,0.6550324115562571,0.6105364243705401,0.6032103505889139,4.109065532684326
2,2,3,3,32,0.2,4,13,0.02353947097176968,0.6174322427638778,0.6339408278815584,0.5848638776063523,0.5716798912526353,0.6625832991038452,0.6111553749631379,0.6055402720392049,3.732401132583618
2,2,3,3,32,0.2,4,14,0.02346937191995942,0.6235359203052998,0.6399817300138025,0.5926873364979933,0.5873067509088855,0.6652899280969862,0.6083600198777559,0.6066605823714538,3.613913059234619
2,2,3,3,32,0.2,4,15,0.02337107113427573,0.6304472548000933,0.6409566297069891,0.5939354872070256,0.5860230405719945,0.6708677701393424,0.6133682393664471,0.6096632985511092,4.060358285903931
2,2,3,3,32,0.2,4,16,0.02343843079130082,0.6301835176399578,0.6530059299554506,0.6087153129417194,0.5987520499864715,0.6831370288502708,0.6260068724777627,0.6198016315301346,4.061831951141357
2,2,3,3,32,0.2,4,17,0.02330907598921921,0.6270971550398146,0.6482372243171727,0.5954937142120159,0.586986745960275,0.6724697290691262,0.6193227878449259,0.614496793639755,3.9025590419769287
2,2,3,3,32,0.2,4,18,0.02319157517814369,0.6417313629155266,0.654035731075126,0.5987677409947364,0.5900593068368097,0.6782050233653731,0.6093087174847933,0.6051268202321716,4.151813983917236
2,2,3,3,32,0.2,4,19,0.023254855685535175,0.6395428703292649,0.655716010863981,0.5988187955247032,0.5887004980917,0.6795429109169026,0.6149277315867543,0.609263254279713,4.059180498123169
2,2,3,3,32,0.2,4,20,0.023050771517901834,0.643905813694855,0.6597504639994684,0.602116226510941,0.5956543045816209,0.6804588332636945,0.614904227032697,0.6132549398287215,3.637098550796509
2,2,3,3,32,0.2,5,1,0.02501260477413566,0.5625056733048144,0.6011856972969087,0.5554010607479274,0.5057765601675124,0.6518035516448997,0.5823182940441555,0.5291388191445762,3.378356695175171
2,2,3,3,32,0.2,5,2,0.024852889737993652,0.5840373377701528,0.6109504404544965,0.5817837994525971,0.5559472902971779,0.6566640357272692,0.6083556249659999,0.5847190516803079,3.711684465408325
2,2,3,3,32,0.2,5,3,0.02475273018752943,0.592950349114907,0.6246067614263127,0.5866090975860215,0.5687940296627655,0.6603644314931705,0.6060831769517874,0.5910558285986902,3.233592987060547
2,2,3,3,32,0.2,5,4,0.024554344072772762,0.6054690429880185,0.6328005374681889,0.582040706397189,0.5686779953683377,0.6636007242788764,0.6040929434204709,0.5958172002665286,3.1799654960632324
2,2,3,3,32,0.2,5,5,0.024549920856424993,0.6028147108253521,0.6355883814098722,0.5779938492219711,0.5722964771639607,0.6690599283056686,0.6086568952665128,0.6022849080202607,3.95904803276062
2,2,3,3,32,0.2,5,6,0.024305571165831964,0.618556004811823,0.640801539446717,0.5784346789987573,0.5614331745889853,0.6726984800438038,0.6058602794263529,0.5949971156715342,4.041284799575806
2,2,3,3,32,0.2,5,7,0.024046900204883696,0.6308934299109482,0.6519558168668215,0.6079441040932639,0.5903868654335104,0.6719075246068811,0.6158116936564495,0.6036177639460657,3.4751014709472656
2,2,3,3,32,0.2,5,8,0.023862167962106738,0.6452385809229023,0.674169988655629,0.6101645423520828,0.5757594373858169,0.6909151503551353,0.6164396436581214,0.5821228165435444,3.512237548828125
2,2,3,3,32,0.2,5,9,0.02364687861462757,0.6568816861143829,0.681593685371887,0.6240258038909983,0.5950255680917753,0.6753571412390041,0.6169765414581773,0.5926447401286454,3.3952856063842773
2,2,3,3,32,0.2,5,10,0.023548636323361165,0.661055621254117,0.6929863071414476,0.6506234662458837,0.6334531840141668,0.679188754645021,0.6237558127009092,0.6127715396571185,3.421236753463745
2,2,3,3,32,0.2,5,11,0.023459665806058516,0.6654183807434888,0.7047089588841441,0.6530023840114558,0.631364804167681,0.6854695021696157,0.6311922818791429,0.6132396699148568,3.3125102519989014
2,2,3,3,32,0.2,5,12,0.023472761495988634,0.6620966642324012,0.7051270705473687,0.6565203399810292,0.6379168272011302,0.6932530597846767,0.6344809160575916,0.6200804451925477,3.4034996032714844
2,2,3,3,32,0.2,5,13,0.023250783931914817,0.6734128160918013,0.6854884363675852,0.6373421993409374,0.6222341258389983,0.6839011335754993,0.6445646317725076,0.6363288391252265,3.5438973903656006
2,2,3,3,32,0.2,5,14,0.023317197516801256,0.6693638219832543,0.7132225846587289,0.6525657466628797,0.6331231845449217,0.6950740296908414,0.6339792160102649,0.6193313139416537,3.9532835483551025
2,2,3,3,32,0.2,5,15,0.02319852391265036,0.677034096071168,0.7054585183798489,0.6528423286687085,0.6383924443547584,0.7009172100145217,0.6388674866160667,0.6319712964396139,4.04124641418457
2,2,3,3,32,0.2,5,16,0.024353393838400152,0.6323078931052016,0.6295413965130299,0.5791413414816053,0.5712501116559445,0.6484363372614035,0.5922944204882865,0.5780867014366522,4.191374063491821
2,2,3,3,32,0.2,5,17,0.023998811668298668,0.6297130923455323,0.6420202205786828,0.6099453877536629,0.6003246673955878,0.6636891523218672,0.610120550099346,0.5952666120915634,4.119920492172241
2,2,3,3,32,0.2,5,18,0.023622400346717313,0.6493487242639214,0.6727963482826189,0.6351105807035448,0.62590629780895,0.6800395695011372,0.6291336235811813,0.6165166259508474,3.7435312271118164
2,2,3,3,32,0.2,5,19,0.023447514269954062,0.6605031347669822,0.7029680177542683,0.6498950953135608,0.6293934826813175,0.6925045721664427,0.6243737006538976,0.6061973203130077,3.5395185947418213
2,2,3,3,32,0.2,5,20,0.023306912901238444,0.6654852605707692,0.7220149332079622,0.6517270153695162,0.628526139895375,0.7042918396341342,0.6270683225927453,0.6011786376849515,3.455627202987671
2,2,3,3,32,0.2,6,1,0.025007394112369862,0.5600166238542628,0.6298257504721265,0.5154831991833059,0.42010245654942907,0.5674001038747943,0.5228662628857528,0.41752993033442154,3.406226873397827
2,2,3,3,32,0.2,6,2,0.02401751064007081,0.5868043750780255,0.6295917571981873,0.6059732200460752,0.5811422377598996,0.576812163645085,0.5615979881386183,0.5379007396514742,3.7816269397735596
2,2,3,3,32,0.2,6,3,0.023913805930688713,0.5982320820853321,0.6425945530690921,0.6202713652922028,0.5995487092025067,0.6079559537329208,0.5656315825112334,0.5447590435937688,3.331144332885742
2,2,3,3,32,0.2,6,4,0.023879197131699115,0.6033970313553846,0.644661374764972,0.5601761684531251,0.4933243619227069,0.6028995364337452,0.5558126749817167,0.4872185829419746,3.3647942543029785
2,2,3,3,32,0.2,6,5,0.02379067535454173,0.6078046538767583,0.647750184966808,0.5934898890866148,0.5582136889827611,0.6195050964538587,0.571554598679014,0.5344100767200115,4.263835668563843
2,2,3,3,32,0.2,6,6,0.023681993994245355,0.621384636422577,0.6572169353185175,0.6157842651811687,0.6085938974656411,0.6282862310297557,0.5909551974487905,0.5859139067608509,4.075879335403442
2,2,3,3,32,0.2,6,7,0.023723839733517528,0.6186237281168693,0.6463078581856019,0.5991145323882476,0.5897763280603306,0.6231829251966572,0.5845432193403066,0.574378106962412,4.106380224227905
2,2,3,3,32,0.2,6,8,0.023474684442795983,0.6306713959306148,0.6551786488614059,0.612521559777039,0.6027659808732168,0.6299092933414252,0.5908226402513891,0.5803626865188793,4.098269701004028
2,2,3,3,32,0.2,6,9,0.023511900528839835,0.6317448106530313,0.6644045030406528,0.6219575931453707,0.6111742000661521,0.6462434660156847,0.6099780926213821,0.5958274728560056,4.0659191608428955
2,2,3,3,32,0.2,6,10,0.023431031279275098,0.6375697895238902,0.671115895476986,0.626240686459505,0.6202820680103356,0.6461672611710297,0.6049775413754923,0.6001697266700401,4.01908540725708
2,2,3,3,32,0.2,6,11,0.023341983082346803,0.6366997021508308,0.6740605217887886,0.629502817502787,0.6229723695639802,0.6550171968333509,0.6203995247266719,0.6159540238358666,4.0766050815582275
2,2,3,3,32,0.2,6,12,0.023466665189001246,0.638428292198471,0.6665724811286818,0.6270710773079103,0.620248322256175,0.635198185293823,0.607242850386868,0.6006757015558861,3.6718101501464844
2,2,3,3,32,0.2,6,13,0.02351959071803779,0.6151934975882669,0.6778521355410801,0.622738489808797,0.6154984680471732,0.648507742876789,0.6136367070396609,0.6069004380662836,3.3885715007781982
2,2,3,3,32,0.2,6,14,0.02328039469729696,0.636164295588547,0.6809923587673427,0.6324311657471913,0.6188962013147787,0.6506452013380504,0.6150883056185229,0.6071028060115516,3.819878101348877
2,2,3,3,32,0.2,6,15,0.0231309787387351,0.648483320668824,0.6836056823143195,0.633249584104966,0.619431877613086,0.6582219043082398,0.6129981246483217,0.6047615839137367,4.003332853317261
2,2,3,3,32,0.2,6,16,0.023285041734886477,0.6401840428325248,0.6884186168777713,0.6309732351785718,0.6232333530323697,0.6626771012536199,0.6098410448466407,0.6050391264009695,4.0496296882629395
2,2,3,3,32,0.2,6,17,0.023152263594097,0.6479718642540754,0.6762306849688124,0.6307150018417544,0.6184241377019476,0.6498787165222049,0.6175069738010209,0.6105763652301367,4.1223227977752686
2,2,3,3,32,0.2,6,18,0.022990909157286684,0.6595361137949546,0.6868871451500087,0.6257851008696274,0.6120570241631806,0.6578635694315778,0.6265973207181785,0.6190533094549363,4.28578519821167
2,2,3,3,32,0.2,6,19,0.022891333478833063,0.6563132253865368,0.6768484554704763,0.6446955452967056,0.6349845231497837,0.6594174613411872,0.636375180934465,0.6324243927798088,3.9258484840393066
2,2,3,3,32,0.2,6,20,0.022686134410092436,0.6583356640249153,0.6789635482387077,0.6196603065914122,0.5935999997628592,0.6607074565305352,0.6165628101838662,0.5929191750657052,3.3243935108184814
2,2,3,3,32,0.2,7,1,0.061145212639202674,0.5553983272516914,0.5940906426753529,0.5715848345136364,0.5546872369217748,0.5831546408303226,0.5726052971492079,0.5539570185909224,4.056185007095337
2,2,3,3,32,0.2,7,2,0.024112609902509588,0.6011024472261278,0.6085603098496185,0.5713752667668222,0.5477246804687129,0.6169833581519542,0.5872102225674928,0.5652145702653847,3.630899429321289
2,2,3,3,32,0.2,7,3,0.02388701648175582,0.6144819918484523,0.613058431246704,0.5732622935804134,0.5652907094907565,0.6214001887319841,0.5893011943066614,0.5785280056467422,3.908376455307007
2,2,3,3,32,0.2,7,4,0.023673793301529262,0.6224888243218359,0.6190020224843411,0.5637579933404585,0.530563742011209,0.6342532825608967,0.5967124685294516,0.5658249999056987,4.172027111053467
2,2,3,3,32,0.2,7,5,0.02341087904847725,0.6374728812412019,0.6315682592833273,0.5655357425752272,0.5369695316886157,0.6482064346716672,0.5965224219116348,0.5723272808289208,4.702925682067871
2,2,3,3,32,0.2,7,6,0.023221692929595483,0.6556586197637063,0.6371582799362748,0.5628640534250138,0.5211728293781518,0.6516127279098006,0.5974458508686565,0.5619952379445675,4.295721530914307
2,2,3,3,32,0.2,7,7,0.023134902597255574,0.6651395573355188,0.6342543616696272,0.5520572946744711,0.505826951678614,0.6521329414449977,0.584699228020097,0.545645487128561,4.747375011444092
2,2,3,3,32,0.2,7,8,0.02309994247021447,0.6570396678368922,0.6480337080693493,0.5716743544587516,0.5270880712747054,0.6527449682139568,0.600081000616992,0.5552090153867532,4.579137563705444
2,2,3,3,32,0.2,7,9,0.02295761439414692,0.6786522539124394,0.6627311942890175,0.6054169251217604,0.5936282710741791,0.6622590494171189,0.6078873160328117,0.5932489276346911,4.589510679244995
2,2,3,3,32,0.2,7,10,0.023007867349541487,0.6765533012639195,0.6649101292902622,0.6139180760738274,0.6107312435219366,0.656661651077567,0.6131779174079893,0.6103964789303028,4.823210954666138
2,2,3,3,32,0.2,7,11,0.022833260948711378,0.687082515030215,0.6708635440105943,0.6079620539633842,0.6010955575982159,0.6552984981001654,0.6106008024878331,0.6008782172801898,4.507197856903076
2,2,3,3,32,0.2,7,12,0.022769803905370173,0.6867901263701833,0.6754222481377771,0.607158134710402,0.6043318791760685,0.6635929317707607,0.6224991049572357,0.6171925474545309,4.058910608291626
2,2,3,3,32,0.2,7,13,0.022452456509141364,0.6887133979240796,0.6797433313631132,0.596402037180919,0.581420204241186,0.6614863619672384,0.6312810241792982,0.6151448576580997,3.459768295288086
2,2,3,3,32,0.2,7,14,0.022630802299410235,0.6872663870904792,0.6855873878367883,0.6188121674618522,0.6159164468695539,0.66000552302825,0.6329931429098192,0.6276270036147104,3.4134957790374756
2,2,3,3,32,0.2,7,15,0.022488280185029984,0.6934010157002817,0.6874468417610348,0.6179526049713211,0.612491129908162,0.6658191309231427,0.6351965358280315,0.6262277448835986,4.1231849193573
2,2,3,3,32,0.2,7,16,0.022234860900160143,0.6975368156826994,0.6950976867022134,0.6323744879100217,0.6293644492383925,0.6635658058054971,0.6327273734768499,0.6276045417641876,4.152524471282959
2,2,3,3,32,0.2,7,17,0.022124816257147753,0.7076208082790872,0.7057100797344777,0.6460462800445199,0.6444498446661814,0.6647899986367298,0.6268407232383805,0.6242710206425364,4.024911880493164
2,2,3,3,32,0.2,7,18,0.02250474302562891,0.6850869712124664,0.6844929766245569,0.6129563714360328,0.6055946264473263,0.6753541630272895,0.6321950656046245,0.6207426548074433,4.075383424758911
2,2,3,3,32,0.2,7,19,0.022138263958644374,0.6901423093407494,0.7069272181854015,0.6398874040130031,0.6269384519553288,0.6758943123651788,0.6522615837131831,0.6404323478919511,4.17619776725769
2,2,3,3,32,0.2,7,20,0.022188641494815045,0.7075474409405326,0.7133842859045343,0.6345798727486374,0.6233145374981701,0.6732994455488585,0.643236607798142,0.6283563648803188,3.397894859313965
2,2,3,3,32,0.2,8,1,0.025896722270239737,0.5569632807106845,0.6111361699882792,0.5242576701538275,0.41902015464580367,0.5851829782763065,0.5058844187074117,0.3955079991115003,3.9350197315216064
2,2,3,3,32,0.2,8,2,0.024171184464584237,0.5918794506598434,0.6196068335108424,0.5567090533067736,0.4979947832332168,0.5976706227352989,0.5540487093277909,0.49482999630960656,3.415553092956543
2,2,3,3,32,0.2,8,3,0.02401906399536847,0.5998147327216314,0.6210595567898228,0.5748946824550282,0.5644789968237368,0.5951095491983431,0.5544432584620044,0.5424753228076099,3.2891154289245605
2,2,3,3,32,0.2,8,4,0.024413457520753322,0.5915732216330742,0.6323452170051995,0.5882262113095894,0.5859557027115629,0.6012969233947584,0.5732865112918965,0.5694572790828639,3.343271493911743
2,2,3,3,32,0.2,8,5,0.024376329739741083,0.5887870154719228,0.6125466852842952,0.5788136396400767,0.5617103652654558,0.5887456823441627,0.5628776838442634,0.5392720659233433,4.068044185638428
2,2,3,3,32,0.2,8,6,0.024015451458900893,0.5907206182985764,0.6219752325964205,0.5889389064290904,0.5755644683877569,0.5964345007477676,0.5811950914693136,0.563253665071054,4.092405080795288
